{
  "Routes": [
    {
      "DownstreamPathTemplate": "/api/getdata",
      "DownstreamScheme": "http",
      "DownstreamHostAndPorts": [
        {
          "Host": "localhost",
          "Port": 3001
        }
      ],
      "UpstreamPathTemplate": "/api/getdata",
      "UpstreamHttpMethod": [ "Get" ]
    },
    {
      "DownstreamPathTemplate": "/api/getdatamymy",
      "DownstreamScheme": "http",
      "DownstreamHostAndPorts": [
        {
          "Host": "localhost",
          "Port": 3000
        }
      ],
      "UpstreamPathTemplate": "/api/getdatamymy",
      "UpstreamHttpMethod": [ "Get" ]
    }
  ],
  "GlobalConfiguration": {}
}